{"cameraMode":{"drawMode":0,"name":"Shaded","section":"Shading Mode"},"sceneLighting":true,"audioPlay":false,"sceneViewState":{"showFog":true,"showMaterialUpdate":false,"showSkybox":true,"showFlares":true,"showImageEffects":true,"showParticleSystems":true},"in2DMode":false,"pivot":{"x":144.28028869628907,"y":-22.15204620361328,"z":-1272.2686767578125},"rotation":{"x":0.0005151006043888629,"y":0.9983187317848206,"z":-0.008985010907053948,"w":0.05726151540875435},"size":1265.3681640625,"orthographic":false}